Country,Name of Ship,Date of Arrival
Trinidad & Tobago,Futtle Rozack,5/30/1845
Trinidad & Tobago,Dutchess of Argyle,2/12/1846
Trinidad & Tobago,Bangalore,2/14/1846
Trinidad & Tobago,Duke of Bedford,3/24/1846
Trinidad & Tobago,Medusa,3/4/1846
Trinidad & Tobago,William Abrams,11/4/1846
Trinidad & Tobago,London,2/5/1846
Trinidad & Tobago,Cadet,6/14/1846
Trinidad & Tobago,Lord William Bentinck,6/15/1846
Trinidad & Tobago,City of Poonah,1/12/1846
Trinidad & Tobago,Duke of Portland,2/1/1847
Trinidad & Tobago,John Line,1/19/1847
Trinidad & Tobago,Lochlomond,1/26/1847
Trinidad & Tobago,Duke of Bedford,8/5/1847
Trinidad & Tobago,Emma,5/29/1847
Trinidad & Tobago,Cornwall,6/16/1847
Trinidad & Tobago,Bangalore,6/17/1847
Trinidad & Tobago,Poictiers,12/26/1847
Trinidad & Tobago,Agincourt,4/17/1848
Trinidad & Tobago,Duke of Bedford,6/5/1848
Trinidad & Tobago,Eliza Stewart,4/23/1851
Trinidad & Tobago,True Briton,3/2/1852
Trinidad & Tobago,Hyderabad,12/2/1852
Trinidad & Tobago,Equestrian,3/17/1852
Trinidad & Tobago,Eliza stewart,4/30/1852
Trinidad & Tobago,Mary Shepherd,5/6/1852
Trinidad & Tobago,Benares,1/25/1853
Trinidad & Tobago,William Jardine,12/2/1853
Trinidad & Tobago,Harkaway,2/13/1853
Trinidad & Tobago,Maidstone,3/14/1853
Trinidad & Tobago,Mallard,5/13/1853
Trinidad & Tobago,Eliza Stewart,5/13/1853
Trinidad & Tobago,Bank Of England,5/21/1853
Trinidad & Tobago,True Briton,3/23/1854
Trinidad & Tobago,Sussex,4/27/1854
Trinidad & Tobago,"Windsor
(also noted at end: Bangalore, Duke of Bedford, Dutchess of Arglyle, John Line",3/14/1855
Trinidad & Tobago,Scindian,3/16/1856
Trinidad & Tobago,Agincourt,4/26/1856
Trinidad & Tobago,Benares,1/25/1853
Trinidad & Tobago,William Jardine,12/2/1853
Trinidad & Tobago,Harkaway,2/13/1853
Trinidad & Tobago,Maidstone,3/14/1853
Trinidad & Tobago,Mallard,5/13/1853
Trinidad & Tobago,Eliza Stewart,5/13/1853
Trinidad & Tobago,Bank Of England,5/21/1853
Trinidad & Tobago,True Briton,3/23/1854
Trinidad & Tobago,Sussex,4/27/1854
Trinidad & Tobago,"Windsor
(also noted at end: Bangalore, Duke of Bedford, Dutchess of Arglyle, John Line",3/14/1855
Trinidad & Tobago,Scindian,3/16/1856
Trinidad & Tobago,Agincourt,4/26/1856
Trinidad & Tobago,Adelaide,3/18/1857
Trinidad & Tobago,Eveline,3/23/1857
Trinidad & Tobago,Sir George Seymour,1/4/1857
Trinidad & Tobago,Granville,8/6/1857
Trinidad & Tobago,Scindian,2/7/1857
Trinidad & Tobago,Wellesley,1/28/1858
Trinidad & Tobago,Ellenborough,10/4/1858
Trinidad & Tobago,Saladin,2/6/1858
Trinidad & Tobago,Salsette,2/7/1858
Trinidad & Tobago,Duchef of Argyle,12/1/1846
Trinidad & Tobago,Medusa,3/14/1853
Trinidad & Tobago,Agincourt,4/26/1856
Trinidad & Tobago,Edith Moore,6/12/1858
Trinidad & Tobago,Akbar,3/1/1859
Trinidad & Tobago,Themis,12/1/1859
Trinidad & Tobago,Marmion,1/25/1859
Trinidad & Tobago,Dudbrook,3/17/1859
Trinidad & Tobago,John Duncan,7/4/1859
Trinidad & Tobago,Labrador,12/17/1859
Trinidad & Tobago,Conway,1/29/1860
Trinidad & Tobago,Tyburnia,5/3/1860
Trinidad & Tobago,Thomas Lowry,10/5/1860
Trinidad & Tobago,Appleton,5/6/1860
Trinidad & Tobago,Clarence,1/21/1861
Trinidad & Tobago,Sydenham,6/3/1861
Trinidad & Tobago,Castle Howard,3/29/1861
Trinidad & Tobago,Adelaide,7/5/1861
Trinidad & Tobago,Brechin Castle,5/13/1861
Trinidad & Tobago,Nourmahal,6/29/1861
Trinidad & Tobago,Roman Emperor,3/12/1858
Trinidad & Tobago,Palmerton,1/22/1859
Trinidad & Tobago,Hope,1/22/1859
Trinidad & Tobago,Cleaveland,3/19/1859
Trinidad & Tobago,Clara,5/12/1859
Trinidad & Tobago,Bruce,6/1/1860
Trinidad & Tobago,Chatham,4/15/1860
Trinidad & Tobago,Hunter,6/15/1860
Trinidad & Tobago,David Malcolm,1/20/1861
Trinidad & Tobago,John Allan,8/1/1873
Trinidad & Tobago,Indus,1/15/1906
Trinidad & Tobago,Lena,1/14/1906
Trinidad & Tobago,Ex Tyburnia,9/12/1861
Trinidad & Tobago,Ex Daniel Rankin,8/1/1862
Trinidad & Tobago,Alnwick Castle,10/1/1862
Trinidad & Tobago,Clarence,7/3/1862
Trinidad & Tobago,Colgrain,4/17/1862
Trinidad & Tobago,Alnwick Castle,1/22/1863
Trinidad & Tobago,Assaye,1/22/1863
Trinidad & Tobago,Athleta,4/18/1863
Trinidad & Tobago,Brechin Castle,12/6/1863
Trinidad & Tobago,Golden City,12/16/1863
Trinidad & Tobago,Alnwick Castle,5/2/1864
Trinidad & Tobago,Spitfire,4/17/1864
Trinidad & Tobago,Sydenham,7/2/1865
Trinidad & Tobago,Atalanta,10/3/1865
Trinidad & Tobago,New Castle,4/29/1865
Trinidad & Tobago,Carleton,11/22/1865
Trinidad & Tobago,Empress,12/22/1865
Trinidad & Tobago,Koomar,12/25/1865
Trinidad & Tobago,Humber,12/26/1866
Trinidad & Tobago,Roxborough Castle,2/1/1867
Trinidad & Tobago,Salisbury,4/2/1867
Trinidad & Tobago,Alnwick Castle,4/3/1867
Trinidad & Tobago,Sevilla,5/3/1867
Trinidad & Tobago,Hornet,3/30/1867
Trinidad & Tobago,Hougomont,4/25/1867
Trinidad & Tobago,Liverpool,12/23/1867
Trinidad & Tobago,Ellenborough,12/26/1867
Trinidad & Tobago,Sevilla,7/3/1868
Trinidad & Tobago,Ancilla,3/5/1868
Trinidad & Tobago,Albert Victor,6/24/1868
Trinidad & Tobago,Malabar,12/27/1868
Trinidad & Tobago,Poonah,2/22/1869
Trinidad & Tobago,Arima,3/30/1869
Trinidad & Tobago,Sevilla,7/4/1869
Trinidad & Tobago,Ancilla,3/5/1869
Trinidad & Tobago,Flying Foam,7/18/1869
Trinidad & Tobago,Beaumaris Castle,3/11/1869
Trinidad & Tobago,Varuna,8/11/1869
Trinidad & Tobago,Wiltshire,12/20/1869
Trinidad & Tobago,Atalanta,2/24/1870
Trinidad & Tobago,Cochin,7/4/1870
Trinidad & Tobago,Java,4/5/1870
Trinidad & Tobago,Wiltshire,11/26/1870
Trinidad & Tobago,Brechin Castle,11/2/1871
Trinidad & Tobago,Hougomont,2/15/1871
Trinidad & Tobago,Indus,3/23/1871
Trinidad & Tobago,Atalanta,4/23/1871
Trinidad & Tobago,Syria,2/1/1872
Trinidad & Tobago,Ganges,2/27/1872
Trinidad & Tobago,Indus,9/4/1872
Trinidad & Tobago,Atalanta,5/18/1872
Trinidad & Tobago,Woodburn,10/27/1872
Trinidad & Tobago,Wiltshire,11/24/1872
Trinidad & Tobago,Dilharee,12/18/1872
Trinidad & Tobago,Rajah of Cochin,12/23/1872
Trinidad & Tobago,Colmonell,1/28/1873
Trinidad & Tobago,Howrah,3/3/1873
Trinidad & Tobago,Jumna,2/4/1873
Trinidad & Tobago,Atalanta,4/6/1873
Trinidad & Tobago,Syria,11/24/1873
Trinidad & Tobago,Winchester,12/29/1873
Trinidad & Tobago,Brockham,5/2/1874
Trinidad & Tobago,Jumna,10/2/1874
Trinidad & Tobago,Ganges,11/5/1874
Trinidad & Tobago,Golden Fleece,10/20/1874
Trinidad & Tobago,British Empire,2/25/1875
Trinidad & Tobago,Essex,10/3/1875
Trinidad & Tobago,Brechin Castle,10/3/1875
Trinidad & Tobago,St. James,11/4/1875
Trinidad & Tobago,Foyle,12/11/1875
Trinidad & Tobago,Jorawur,12/25/1875
Trinidad & Tobago,Ganges,10/2/1876
Trinidad & Tobago,Foyle,3/11/1876
Trinidad & Tobago,Jorawur,11/28/1876
Trinidad & Tobago,Syria,1/29/1877
Trinidad & Tobago,Jorawur,11/13/1877
Trinidad & Tobago,Lightning,12/25/1877
Trinidad & Tobago,Syria,2/2/1878
Trinidad & Tobago,Ganges,5/2/1878
Trinidad & Tobago,Sheila,3/11/1878
Trinidad & Tobago,Brenda,11/16/1878
Trinidad & Tobago,Jura,12/20/1878
Trinidad & Tobago,Ailsa,12/21/1878
Trinidad & Tobago,Artist,1/25/1879
Trinidad & Tobago,Sheila,7/11/1879
Trinidad & Tobago,Brenda,11/21/1879
Trinidad & Tobago,Jura,12/22/1879
Trinidad & Tobago,Bann,1/28/1880
Trinidad & Tobago,Jumna,2/28/1880
Trinidad & Tobago,Foyle,1/4/1880
Trinidad & Tobago,Jura,10/11/1880
Trinidad & Tobago,British Nation,11/27/1880
Trinidad & Tobago,Sheila,8/12/1880
Trinidad & Tobago,Neva,8/2/1881
Trinidad & Tobago,Bann,6/3/1881
Trinidad & Tobago,Foyle,5/5/1881
Trinidad & Tobago,Jumna,3/6/1881
Trinidad & Tobago,Earl Granville,11/23/1881
Trinidad & Tobago,Sheila,11/26/1881
Trinidad & Tobago,Lee,8/1/1882
Trinidad & Tobago,Neva,5/2/1882
Trinidad & Tobago,Bann,3/22/1882
Trinidad & Tobago,Scottish Admiral,8/11/1882
Trinidad & Tobago,Hesperides,12/30/1882
Trinidad & Tobago,Southesk,1/25/1883
Trinidad & Tobago,Boyne,3/31/1883
Trinidad & Tobago,Brenda,7/11/1883
Trinidad & Tobago,Jura,12/25/1883
Trinidad & Tobago,Sheila,10/2/1884
Trinidad & Tobago,Grecian,11/4/1884
Trinidad & Tobago,Neva,12/5/1884
Trinidad & Tobago,Brenda,10/22/1884
Trinidad & Tobago,British Statesman,11/25/1884
Trinidad & Tobago,Jura,12/12/1884
Trinidad & Tobago,Nerbudda,6/1/1885
Trinidad & Tobago,Brenda,10/26/1885
Trinidad & Tobago,Sheila,2/12/1885
Trinidad & Tobago,Jura,1/13/1886
Trinidad & Tobago,Brenda,10/21/1886
Trinidad & Tobago,Sheila,11/25/1886
Trinidad & Tobago,Jura,12/21/1886
Trinidad & Tobago,Bann,2/24/1887
Trinidad & Tobago,British Nation,10/25/1887
Trinidad & Tobago,Brenda,11/16/1887
Trinidad & Tobago,Sheila,10/12/1887
Trinidad & Tobago,Jura,1/29/1888
Trinidad & Tobago,Rhine,2/10/1888
Trinidad & Tobago,Hereford,10/31/1888
Trinidad & Tobago,Jura,10/1/1889
Trinidad & Tobago,Jumna,10/1/1889
Trinidad & Tobago,Grecian,1/10/1889
Trinidad & Tobago,Volga,10/21/1889
Trinidad & Tobago,Avoca,11/22/1889
Trinidad & Tobago,Jura,12/17/1889
Trinidad & Tobago,Hereford,5/2/1890
Trinidad & Tobago,Grecian,10/16/1890
Trinidad & Tobago,Bruce,11/17/1890
Trinidad & Tobago,Ganges,11/25/1890
Trinidad & Tobago,Allan Shaw,12/13/1890
Trinidad & Tobago,British Peer,3/2/1891
Trinidad & Tobago,Avon,1/3/1891
Trinidad & Tobago,Rhone,9/10/1891
Trinidad & Tobago,Main,10/31/1891
Trinidad & Tobago,Avoca,11/14/1891
Trinidad & Tobago,Rhine,12/13/1891
Trinidad & Tobago,Danube,1/1/1892
Trinidad & Tobago,Allan shaw,12/10/1892
Trinidad & Tobago,Rhone,10/23/1892
Trinidad & Tobago,Rhine,11/13/1892
Trinidad & Tobago,Avoca,4/12/1892
Trinidad & Tobago,Rhine,10/23/1893
Trinidad & Tobago,Rhone,10/28/1893
Trinidad & Tobago,Moy,11/12/1893
Trinidad & Tobago,Rhone,4/12/1894
Trinidad & Tobago,Main,1/11/1894
Trinidad & Tobago,Moy,3/12/1894
Trinidad & Tobago,Hereford,12/27/1894
Trinidad & Tobago,Foyle,1/24/1895
Trinidad & Tobago,Rhone,11/10/1895
Trinidad & Tobago,Rhine,1/11/1895
Trinidad & Tobago,main,1/11/1895
Trinidad & Tobago,Avon,11/17/1895
Trinidad & Tobago,Grecian,10/13/1896
Trinidad & Tobago,Main,4/11/1896
Trinidad & Tobago,Erne,12/11/1896
Trinidad & Tobago,Avon,12/12/1896
Trinidad & Tobago,Rhine,12/13/1896
Trinidad & Tobago,Mersey,10/20/1897
Trinidad & Tobago,Ems,10/23/1897
Trinidad & Tobago,Elbe,12/11/1897
Trinidad & Tobago,Ems,4/11/1898
Trinidad & Tobago,Rhone,10/11/1898
Trinidad & Tobago,Bann,10/27/1899
Trinidad & Tobago,Ems,11/29/1899
Trinidad & Tobago,Main,1/21/1900
Trinidad & Tobago,Moy,1/16/1901
Trinidad & Tobago,Avon,2/16/1901
Trinidad & Tobago,Arno,3/15/1901
Trinidad & Tobago,Foyle,4/3/1901
Trinidad & Tobago,Virawa,10/17/1901
Trinidad & Tobago,Elbe,12/17/1901
Trinidad & Tobago,Erne,1/6/1902
Trinidad & Tobago,Clyde,2/16/1902
Trinidad & Tobago,Rhine,11/27/1902
Trinidad & Tobago,Avon,1/12/1903
Trinidad & Tobago,Ems,1/17/1903
Trinidad & Tobago,Bann,3/12/1903
Trinidad & Tobago,Forth,11/4/1903
Trinidad & Tobago,Main,12/2/1903
Trinidad & Tobago,Avon,12/25/1903
Trinidad & Tobago,Rhine,2/18/1904
Trinidad & Tobago,Indus,11/13/1904
Trinidad & Tobago,Avon,2/23/1905
Trinidad & Tobago,Rhine,5/9/1905
Trinidad & Tobago,Indus,1/15/1906
Trinidad & Tobago,Lena,1/14/1906
Trinidad & Tobago,Mersey,2/8/1906
Trinidad & Tobago,Mersey,2/8/1906
Trinidad & Tobago,Avon,2/22/1906
Trinidad & Tobago,Rhine,3/9/1906
Trinidad & Tobago,Elbe,10/19/1906
Trinidad & Tobago,Mutlah (Calcutta),10/7/1910
Trinidad & Tobago,(Madras),
Trinidad & Tobago,Ganges (Calcutta),11/24/1910
Trinidad & Tobago,(Madras),
Trinidad & Tobago,Mutlah,1/25/1911
Trinidad & Tobago,Ganges (Madras),3/25/1911
Trinidad & Tobago,Indus,10/8/1911
Trinidad & Tobago,Chenab,11/7/1911
Trinidad & Tobago,Ganges,12/9/1911
Trinidad & Tobago,Mutlah (Calcutta),12/28/1911
Trinidad & Tobago,(Madras),
Trinidad & Tobago,Sutlej (Calcutta),1/14/1912
Trinidad & Tobago,(Madras),
Trinidad & Tobago,Indus,2/13/1912
Trinidad & Tobago,Chenab,3/7/1912
Trinidad & Tobago,Indus,9/12/1912
Trinidad & Tobago,Mutlah,10/14/1912
Trinidad & Tobago,Chenab,11/8/1912
Trinidad & Tobago,Indus,12/11/1912
Trinidad & Tobago,Mutlah,1/8/1913
Trinidad & Tobago,Chenab,2/5/1913
Trinidad & Tobago,Sutlej,3/13/1913
Trinidad & Tobago,Dewa,8/23/1913
Trinidad & Tobago,Mutlah,9/12/1913
Trinidad & Tobago,Chenab,11/26/1913
Trinidad & Tobago,Sutlej,8/13/1914
Trinidad & Tobago,Chenab,9/12/1914
Trinidad & Tobago,Dewa,10/15/1915
Trinidad & Tobago,Ganges,11/11/1915
Trinidad & Tobago,Chenab (Calcutta),12/14/1916
Trinidad & Tobago,(Madras),
Trinidad & Tobago,Sutlej,3/29/1916
Trinidad & Tobago,Ganges,4/18/1916
Trinidad & Tobago,Chenab,10/12/1916
Trinidad & Tobago,Mutlah,1/20/1917
Trinidad & Tobago,Ganges,4/22/1917
Suriname,Lalla Rookh,5/6/1873
Suriname,Bengal,8/7/1873
Suriname,Mangalore Kolkata,8/11/1873
Suriname,Howrah,8/4/1874
Suriname,Ailsa I,6/2/1880
Suriname,Ailsa III,9/1/1882
Suriname,British Nation I,8/2/1884
Suriname,British Nation II,12/12/1884
Suriname,The Bruce,3/1/1889
Suriname,Lena I,2/5/1892
Suriname,Grecian I (Craisni),4/9/1893
Suriname,Mersey I,10/4/1896
Suriname,Rhöne I,10/1/1903
Suriname,Rhöne II,8/11/1905
Suriname,Indus I,3/7/1907
Suriname,Indus II,4/11/1907
Suriname,ss Indus III,5/12/1908
Suriname,Mutlah I,2/5/1909
Suriname,Ganges IV,7/4/1912
Suriname,Chenab I,8/7/1912
Suriname,Chenab II,7/7/1913
Suriname,Indus IV,4/6/1914
Suriname,Sutlej III,7/1/1914
Suriname,Sheila I,1/13/1883
Suriname,Avon II,1/13/1907
Suriname,Ailsa IV,4/13/1884
Suriname,Avon I,4/13/1898
Suriname,Sheila II,1/14/1885
Suriname,British Statesman I,3/14/1881
Suriname,Erne II,4/14/1894
Suriname,"Mutlah II
(Half transport)",5/14/1912
Suriname,Clide via Demerara,12/14/1904
Suriname,Main,10/15/1906
Suriname,Zanzibar,8/16/1878
Suriname,Ganges I,2/17/1908
Suriname,Hereford I,5/17/1891
Suriname,"Rhine 
(Pale sailing ship)",11/17/1890
Suriname,Hereford IV,12/17/1896
Suriname,"Kate Kellock
Medae",1/18/1874
Suriname,John Davie,1/18/1887
Suriname,Hereford II,4/18/1893
Suriname,Ganges II,7/18/1908
Suriname,British Peer,11/18/1892
Suriname,British Statesman II,12/18/1883
Suriname,"Sutlej I
(New Amsterdam)",2/22/1909
Suriname,Ems,11/22/1894
Suriname,Ganges,4/23/1889
Suriname,Mutlah III,6/23/1913
Suriname,Elbe,11/23/1889
Suriname,Dewa,5/24/1916
Suriname,Kolkata,11/25/1873
Suriname,Grecian II,10/26/1895
Suriname,Ailsa II,11/26/1880
Suriname,Sutlej II,1/27/1910
Suriname,Erne I,4/27/1890
Suriname,Erne III,4/27/1895
Suriname,Erne IV,4/27/1899
Suriname,Laleham & Peshwa,8/27/1884
Suriname,Hereford III,11/27/1895
Suriname,Mersey II,1/28/1902
Suriname,Lena II,3/28/1902
Suriname,Clive,8/29/1877
Suriname,Lalla Rookh,5/6/1873
Suriname,Bengal,8/7/1873
Suriname,Mangalore Kolkata,8/11/1873
Suriname,Howrah,8/4/1874
Suriname,Ailsa I,6/2/1880
Suriname,Ailsa III,9/1/1882
Suriname,British Nation I,8/2/1884
Suriname,British Nation II,12/12/1884
Suriname,The Bruce,3/1/1889
Suriname,Lena I,2/5/1892
Suriname,Grecian I (Craisni),4/9/1893
Suriname,Mersey I,10/4/1896
Suriname,Rhöne I,10/1/1903
Suriname,Rhöne II,8/11/1905
Suriname,Indus I,3/7/1907
Suriname,Indus II,4/11/1907
Suriname,ss Indus III,5/12/1908
Suriname,Mutlah I,2/5/1909
Suriname,Ganges IV,7/4/1912
Suriname,Chenab I,8/7/1912
Suriname,Chenab II,7/7/1913
Suriname,Indus IV,4/6/1914
Suriname,Sutlej III,7/1/1914
Suriname,Sheila I,1/13/1883
Suriname,Avon II,1/13/1907
Suriname,Ailsa IV,4/13/1884
Suriname,Avon I,4/13/1898
Suriname,Sheila II,1/14/1885
Suriname,British Statesman I,3/14/1881
Suriname,Erne II,4/14/1894
Suriname,"Mutlah II
(Half transport)",5/14/1912
Suriname,Clide via Demerara,12/14/1904
Suriname,Main,10/15/1906
Suriname,Zanzibar,8/16/1878
Suriname,Ganges I,2/17/1908
Suriname,Hereford I,5/17/1891
Suriname,"Rhine 
(Pale sailing ship)",11/17/1890
Suriname,Hereford IV,12/17/1896
Suriname,"Kate Kellock
Medae",1/18/1874
Suriname,John Davie,1/18/1887
Suriname,Hereford II,4/18/1893
Suriname,Ganges II,7/18/1908
Suriname,British Peer,11/18/1892
Suriname,British Statesman II,12/18/1883
Suriname,"Sutlej I
(New Amsterdam)",2/22/1909
Suriname,Ems,11/22/1894
Suriname,Ganges,4/23/1889
Suriname,Mutlah III,6/23/1913
Suriname,Elbe,11/23/1889
Suriname,Dewa,5/24/1916
Suriname,Kolkata,11/25/1873
Suriname,Grecian II,10/26/1895
Suriname,Ailsa II,11/26/1880
Suriname,Sutlej II,1/27/1910
Suriname,Erne I,4/27/1890
Suriname,Erne III,4/27/1895
Suriname,Erne IV,4/27/1899
Suriname,Laleham & Peshwa,8/27/1884
Suriname,Hereford III,11/27/1895
Suriname,Mersey II,1/28/1902
Suriname,Lena II,3/28/1902
Suriname,Clive,8/29/1877
Fiji,Leonidas,5/15/1879
Fiji,Berar,6/29/1882
Fiji,Poonah I,9/17/1882
Fiji,Poonah II,6/19/1883
Fiji,Bayard,8/20/1883
Fiji,Syria,5/14/1884
Fiji,Howrah,6/26/1884
Fiji,Pericles,7/3/1884
Fiji,"Newham, SS",7/23/1884
Fiji,Main,4/30/1885
Fiji,Ganges,6/27/1885
Fiji,Ganges,6/27/1885
Fiji,Boyne,4/26/1886
Fiji,Bruce,5/21/1886
Fiji,Hereford I,4/24/1888
Fiji,Hereford I,4/24/1888
Fiji,Moy I,5/3/1889
Fiji,Rhone I,5/15/1890
Fiji,Allanshaw,6/17/1890
Fiji,Allanshaw,6/17/1890
Fiji,Danube,6/15/1891
Fiji,Jumna I,6/27/1891
Fiji,British Peer,4/23/1892
Fiji,Avon I,5/5/1892
Fiji,Hereford II,6/15/1892
Fiji,Moy II,4/14/1893
Fiji,Jumna II,5/23/1893
Fiji,Ems I,4/20/1894
Fiji,Hereford III,6/28/1894
Fiji,"Vadala, SS",3/26/1895
Fiji,"Vadala, SS",3/26/1895
Fiji,"Virawa I, SS",4/26/1895
Fiji,Erne,4/24/1896
Fiji,Elbe I,6/13/1896
Fiji,Rhone II,5/11/1897
Fiji,Clyde,6/1/1897
Fiji,Clyde,6/1/1897
Fiji,Moy III,6/1/1898
Fiji,Avon II,7/25/1899
Fiji,Ganges,9/3/1899
Fiji,Ganges,9/3/1899
Fiji,Ganges,6/21/1900
Fiji,Elbe II,7/14/1900
Fiji,Arno I,7/23/1900
Fiji,Arno I,7/23/1900
Fiji,Rhine,8/30/1900
Fiji,"Fazilka I, SS",3/28/1901
Fiji,"Fultala I, SS",5/12/1901
Fiji,"Fazilka II, SS",6/18/1901
Fiji,"Virawa II, SS",4/26/1902
Fiji,"Fazilka III, SS",6/20/1902
Fiji,Mersey,6/13/1903
Fiji,Elbe III,8/5/1903
Fiji,Arno II,9/4/1903
Fiji,Arno II,9/4/1903
Fiji,Arno III,5/3/1904
Fiji,Ems II,7/30/1904
Fiji,Fultala II,4/10/1905
Fiji,Virawa III,7/17/1905
Fiji,Wardha I,7/28/1905
Fiji,Fultala III,8/17/1905
Fiji,Fultala III,8/17/1905
Fiji,Fazilka IV,4/17/1906
Fiji,Fultala IV,4/28/1906
Fiji,Fultala IV,4/28/1906
Fiji,Wardha II,6/28/1906
Fiji,Fazilka V,1/28/1907
Fiji,Virawa IV,3/23/1907
Fiji,Virawa IV,3/23/1907
Fiji,Fazilka VI,4/25/1907
Fiji,Sangola I,3/18/1908
Fiji,Sangola I,3/18/1908
Fiji,Sangola II,6/6/1908
Fiji,Sangola II,6/6/1908
Fiji,Sangola III,2/1/1909
Fiji,Sangola III,2/1/1909
Fiji,Sangola IV,4/21/1909
Fiji,Sangola V,3/7/1910
Fiji,Sangola V,3/7/1910
Fiji,Santhia I,4/22/1910
Fiji,Santhia I,4/22/1910
Fiji,Sangola VI,6/5/1910
Fiji,Santhia II,7/8/1910
Fiji,Santhia II,7/8/1910
Fiji,Mutlah I,5/22/1911
Fiji,Mutlah I,5/22/1911
Fiji,Sutlej I,6/25/1911
Fiji,Ganges I,7/22/1911
Fiji,Ganges I,7/22/1911
Fiji,Mutlah II,8/18/1911
Fiji,Mutlah II,8/18/1911
Fiji,Sutlej II,10/4/1911
Fiji,Sutlej III,4/27/1912
Fiji,Sutlej III,4/27/1912
Fiji,Indus,6/8/1912
Fiji,Ganges II,7/18/1912
Fiji,Ganges II,7/18/1912
Fiji,Ganges III,11/8/1912
Fiji,Ganges IV,2/21/1913
Fiji,Sutlej IV,4/11/1913
Fiji,Sutlej IV,4/11/1913
Fiji,Ganges V,5/29/1913
Fiji,Ganges VI,9/9/1913
Fiji,Ganges VI,9/9/1913
Fiji,Chenab I,3/24/1914
Fiji,Chenab II,6/16/1914
Fiji,Chenab II,6/16/1914
Fiji,Mutlah III,5/7/1915
Fiji,Mutlah III,5/7/1915
Fiji,Ganges VII,6/21/1915
Fiji,Mutlah IV,8/1/1915
Fiji,Mutlah IV,8/1/1915
Fiji,Chenab III,9/1/1916
Fiji,Sutlej V,11/11/1916
Fiji,Leonidas,5/15/1879
Fiji,Berar,6/29/1882
Fiji,Poonah I,9/17/1882
Fiji,Poonah II,6/19/1883
Fiji,Bayard,8/20/1883
Fiji,Syria,5/14/1884
Fiji,Howrah,6/26/1884
Fiji,Pericles,7/3/1884
Fiji,"Newham, SS",7/23/1884
Fiji,Main,4/30/1885
Fiji,Ganges,6/27/1885
Fiji,Ganges,6/27/1885
Fiji,Boyne,4/26/1886
Fiji,Bruce,5/21/1886
Fiji,Hereford I,4/24/1888
Fiji,Hereford I,4/24/1888
Fiji,Moy I,5/3/1889
Fiji,Rhone I,5/15/1890
Fiji,Allanshaw,6/17/1890
Fiji,Allanshaw,6/17/1890
Fiji,Danube,6/15/1891
Fiji,Jumna I,6/27/1891
Fiji,British Peer,4/23/1892
Fiji,Avon I,5/5/1892
Fiji,Hereford II,6/15/1892
Fiji,Moy II,4/14/1893
Fiji,Jumna II,5/23/1893
Fiji,Ems I,4/20/1894
Fiji,Hereford III,6/28/1894
Fiji,"Vadala, SS",3/26/1895
Fiji,"Vadala, SS",3/26/1895
Fiji,"Virawa I, SS",4/26/1895
Fiji,Erne,4/24/1896
Fiji,Elbe I,6/13/1896
Fiji,Rhone II,5/11/1897
Fiji,Clyde,6/1/1897
Fiji,Clyde,6/1/1897
Fiji,Moy III,6/1/1898
Fiji,Avon II,7/25/1899
Fiji,Ganges,9/3/1899
Fiji,Ganges,9/3/1899
Fiji,Ganges,6/21/1900
Fiji,Elbe II,7/14/1900
Fiji,Arno I,7/23/1900
Fiji,Arno I,7/23/1900
Fiji,Rhine,8/30/1900
Fiji,"Fazilka I, SS",3/28/1901
Fiji,"Fultala I, SS",5/12/1901
Fiji,"Fazilka II, SS",6/18/1901
Fiji,"Virawa II, SS",4/26/1902
Fiji,"Fazilka III, SS",6/20/1902
Fiji,Mersey,6/13/1903
Fiji,Elbe III,8/5/1903
Fiji,Arno II,9/4/1903
Fiji,Arno II,9/4/1903
Fiji,Arno III,5/3/1904
Fiji,Ems II,7/30/1904
Fiji,Fultala II,4/10/1905
Fiji,Virawa III,7/17/1905
Fiji,Wardha I,7/28/1905
Fiji,Fultala III,8/17/1905
Fiji,Fultala III,8/17/1905
Fiji,Fazilka IV,4/17/1906
Fiji,Fultala IV,4/28/1906
Fiji,Fultala IV,4/28/1906
Fiji,Wardha II,6/28/1906
Fiji,Fazilka V,1/28/1907
Fiji,Virawa IV,3/23/1907
Fiji,Virawa IV,3/23/1907
Fiji,Fazilka VI,4/25/1907
Fiji,Sangola I,3/18/1908
Fiji,Sangola I,3/18/1908
Fiji,Sangola II,6/6/1908
Fiji,Sangola II,6/6/1908
Fiji,Sangola III,2/1/1909
Fiji,Sangola III,2/1/1909
Fiji,Sangola IV,4/21/1909
Fiji,Sangola V,3/7/1910
Fiji,Sangola V,3/7/1910
Fiji,Santhia I,4/22/1910
Fiji,Santhia I,4/22/1910
Fiji,Sangola VI,6/5/1910
Fiji,Santhia II,7/8/1910
Fiji,Santhia II,7/8/1910
Fiji,Mutlah I,5/22/1911
Fiji,Mutlah I,5/22/1911
Fiji,Sutlej I,6/25/1911
Fiji,Ganges I,7/22/1911
Fiji,Ganges I,7/22/1911
Fiji,Mutlah II,8/18/1911
Fiji,Mutlah II,8/18/1911
Fiji,Sutlej II,10/4/1911
Fiji,Sutlej III,4/27/1912
Fiji,Sutlej III,4/27/1912
Fiji,Indus,6/8/1912
Fiji,Ganges II,7/18/1912
Fiji,Ganges II,7/18/1912
Fiji,Ganges III,11/8/1912
Fiji,Ganges IV,2/21/1913
Fiji,Sutlej IV,4/11/1913
Fiji,Sutlej IV,4/11/1913
Fiji,Ganges V,5/29/1913
Fiji,Ganges VI,9/9/1913
Fiji,Ganges VI,9/9/1913
Fiji,Chenab I,3/24/1914
Fiji,Chenab II,6/16/1914
Fiji,Chenab II,6/16/1914
Fiji,Mutlah III,5/7/1915
Fiji,Mutlah III,5/7/1915
Fiji,Ganges VII,6/21/1915
Fiji,Mutlah IV,8/1/1915
Fiji,Mutlah IV,8/1/1915
Fiji,Chenab III,9/1/1916
Fiji,Sutlej V,11/11/1916